clip_id,category,address,grid_h,grid_w,violation_score,pred,preventative_score,enforcement_gap_score,mean_pedestrian_count,mean_vehicle_count,copresence_rate,interaction_rate,combined_priority
prev_01,preventative,10540 S Western Ave,12,53,380.34556574923545,0.179979011879973,3.115910694239816,-3.115910694239816,0.0375972815959662,4.65877452592349,0.0373780554642113,0.0336512112243779,1.6240960522791672
prev_02,preventative,10318 S Indianapolis Ave,13,84,124.16678596993556,0.0223071281582446,2.5401975512472057,-2.5401975512472057,0.0324758663021036,3.8052564031025056,0.0233245912616483,0.0183583505384744,0.547158789238816
gap_01,enforcement_gap,2718 S Kedzie Ave,40,48,2.709090909090909,2.4080389441720103,-4.4270838067165545,4.4270838067165545,0.0162995594713656,1.6273127753303964,0.0074889867841409,0.0039647577092511,-2.1712548415179835
